"0","# Première résidence principale "
"0","base_complete <- base_complete %>%"
"0","  mutate("
"0","    Premiere_residence_principale = case_when("
"0","      Premiere_residence_principale == ""Y"" ~ 1,"
"0","      Premiere_residence_principale == ""N"" ~ 0,"
"0","      Premiere_residence_principale == ""9"" ~ NA"
"0","    )"
"0","  )"
"0",""
"0","base_complete$Premiere_residence_principale <- "
"0","  as.factor(base_complete$Premiere_residence_principale)"
"0",""
"0","# Penalité remboursement anticipé "
"0","base_complete <- base_complete %>%"
"0","  mutate("
"0","    Penalite_remboursement_anticipe = case_when("
"0","      Penalite_remboursement_anticipe == ""Y"" ~ 1,"
"0","      Penalite_remboursement_anticipe == ""N"" ~ 0,"
"0","      TRUE ~ NA"
"0","    )"
"0","  )"
"0",""
"0","base_complete$Penalite_remboursement_anticipe <- "
"0","  as.factor(base_complete$Penalite_remboursement_anticipe)"
"0",""
"0","# 3 premier num du Code postal "
"0",""
"0","base_complete <- base_complete %>%"
"0","  mutate("
"0","    Code_postal_bien = ifelse(Code_postal_bien== ""000"", NA, Code_postal_bien),"
"0","    Code_postal_bien = as.factor(Code_postal_bien)"
"0","  )"
"0",""
"0","# Pret dépasse la limite "
"0",""
"0","base_complete <- base_complete |>"
"0","  mutate("
"0","    Pret_depasse_limite = ifelse(Pret_depasse_limite == ""Y"", 1, 0)"
"0","  )"
"0",""
"0","# HARP "
"0",""
"0","base_complete <- base_complete |>"
"0","  mutate("
"0","    Pret_refinance_HARP = ifelse(Pret_refinance_HARP == ""Y"", 1, 0)"
"0","  )"
"0",""
"0","# Interet seul "
"0",""
"0","base_complete <- base_complete |>"
"0","  mutate("
"0","    Pret_interets_seuls = ifelse(Pret_interets_seuls == ""Y"", 1, 0)"
"0","  )"
