"0","# En-têtes d'origination"
"0","entetes_orig <- c("
"0","  ""CLASSIC FICO"", ""FIRST PAYMENT DATE"", ""FIRST TIME HOMEBUYER INDICATOR"", "
"0","  ""MATURITY DATE"", ""METROPOLITAN STATISTICAL AREA (MSA) OR METROPOLITAN DIVISION"", "
"0","  ""MORTGAGE INSURANCE PERCENTAGE (MI %)"", ""NUMBER OF UNITS"", ""OCCUPANCY STATUS"", "
"0","  ""ORIGINAL COMBINED LOAN-TO-VALUE (CLTV)"", ""ORIGINAL DEBT-TO-INCOME (DTI) RATIO"", "
"0","  ""ORIGINAL UPB"", ""ORIGINAL LOAN-TO-VALUE (LTV)"", ""ORIGINAL INTEREST RATE"", "
"0","  ""CHANNEL"", ""PREPAYMENT PENALTY INDICATOR"", ""AMORTIZATION TYPE"", "
"0","  ""PROPERTY STATE"", ""PROPERTY TYPE"", ""POSTAL CODE"", ""LOAN IDENTIFIER"", "
"0","  ""LOAN PURPOSE"", ""ORIGINAL LOAN TERM"", ""NUMBER OF BORROWERS"", ""SELLER NAME"", "
"0","  ""SUPER CONFORMING FLAG"", ""PRE-HARP LOAN SEQUENCE NUMBER"", "
"0","  ""SPECIAL ELIGIBILITY PROGRAM"", ""HARP INDICATOR"", ""PROPERTY VALUATION METHOD"", "
"0","  ""INTEREST ONLY (I/O) INDICATOR"", ""VANTAGESCORE 4.0"""
"0",")"
"0",""
"0",""
"0","# En-têtes de performance"
"0","entetes_perf <- c("
"0","  ""LOAN IDENTIFIER"", ""PERIOD"", ""CURRENT ACTUAL UPB"", "
"0","  ""CURRENT LOAN DELINQUENCY STATUS"", ""LOAN AGE"", ""REMAINING MONTHS TO LEGAL MATURITY"", "
"0","  ""UNDERWRITING DEFECT AND MAJOR SERVICING DEFECT SETTLEMENT DATE"", ""MODIFICATION FLAG"", "
"0","  ""ZERO BALANCE CODE"", ""ZERO BALANCE EFFECTIVE DATE"", ""CURRENT INTEREST RATE"", "
"0","  ""CURRENT NON-INTEREST BEARING UPB"", ""DUE DATE OF LAST PAID INSTALLMENT (DDLPI)"", "
"0","  ""MI RECOVERIES"", ""NET SALES PROCEEDS"", ""NON MI RECOVERIES"", ""TOTAL EXPENSES"", "
"0","  ""LEGAL COSTS"", ""MAINTENANCE AND PRESERVATION COSTS"", ""TAXES AND INSURANCE"", "
"0","  ""MISCELLANEOUS EXPENSES"", ""ACTUAL LOSS"", ""CUMULATIVE MODIFICATION COSTS"", "
"0","  ""INTEREST RATE STEP INDICATOR"", ""PAYMENT DEFERRAL FLAG"", ""ESTIMATED LOAN-TO-VALUE (ELTV)"", "
"0","  ""ZERO BALANCE REMOVAL UPB"", ""DELINQUENT ACCRUED INTEREST"", ""DELINQUENCY DUE TO DISASTER"", "
"0","  ""BORROWER ASSISTANCE PLAN"", ""CURRENT PERIOD MODIFICATION COSTS"", ""CURRENT INTEREST BEARING UPB"", "
"0","  ""MORTGAGE INSURANCE CANCELLATION INDICATOR"", ""SERVICER NAME"", ""BANKRUPTCY CRAMDOWN COSTS"""
"0",")"
"0",""
"0",""
"0","setnames(base_orig, old = names(base_orig), new = entetes_orig[1:ncol(base_orig)])"
"0","setnames(base_perf, old = names(base_perf), new = entetes_perf[1:ncol(base_perf)])"
