"0","base_complete <- base_complete %>%"
"0","  rename(Score_credit_FICO = `CLASSIC FICO`,"
"0","         Date_premier_paiement = `FIRST PAYMENT DATE`,"
"0","         Premiere_residence_principale =`FIRST TIME HOMEBUYER INDICATOR`,"
"0","         Date_fin_prevu_pret = `MATURITY DATE`,"
"0","         Grande_zone_urbaine = `METROPOLITAN STATISTICAL AREA (MSA) OR METROPOLITAN DIVISION`,"
"0","         Taux_assurance_pret = `MORTGAGE INSURANCE PERCENTAGE (MI %)`,"
"0","         Nombre_de_logement = `NUMBER OF UNITS`,"
"0","         Statut_occupation_bien = `OCCUPANCY STATUS`,"
"0","         Ratio_combine_pret_valeur_CLTV = `ORIGINAL COMBINED LOAN-TO-VALUE (CLTV)`,"
"0","         Taux_endettement_DTI = `ORIGINAL DEBT-TO-INCOME (DTI) RATIO`,"
"0","         Montant_pret = `ORIGINAL UPB`,"
"0","         Ratio_pret_valeur_LTV = `ORIGINAL LOAN-TO-VALUE (LTV)`,"
"0","         Taux_interet_pret = `ORIGINAL INTEREST RATE`,"
"0","         Canal_origination = `CHANNEL`,"
"0","         Penalite_remboursement_anticipe = `PREPAYMENT PENALTY INDICATOR`,"
"0","         Type_taux_interet = `AMORTIZATION TYPE`,"
"0","         Etat_bien = `PROPERTY STATE`,"
"0","         Type_bien = `PROPERTY TYPE`,"
"0","         Code_postal_bien = `POSTAL CODE`,"
"0","         Identifiant_pret =`LOAN IDENTIFIER`,"
"0","         Objet_du_pret = `LOAN PURPOSE`,"
"0","         Duree_pret_mois = `ORIGINAL LOAN TERM`,"
"0","         Nbr_emprunteur = `NUMBER OF BORROWERS`,"
"0","         Nom_vendeur_pret = `SELLER NAME`,"
"0","         Pret_depasse_limite = `SUPER CONFORMING FLAG`,"
"0","         ID_pret_avant_refinancement = `PRE-HARP LOAN SEQUENCE NUMBER`,"
"0","         Programme_eligibilite_speciale = `SPECIAL ELIGIBILITY PROGRAM`,"
"0","         Pret_refinance_HARP = `HARP INDICATOR`,"
"0","         Methode_evaluation_bien = `PROPERTY VALUATION METHOD`,"
"0","         Pret_interets_seuls = `INTEREST ONLY (I/O) INDICATOR`,"
"0","         Score_vantage = `VANTAGESCORE 4.0`)"
"0",""
