"0","base_complete <- base_complete |>"
"0","  mutate("
"0","    Score_credit_FICO = na_if(Score_credit_FICO, 9999),"
"0","    Taux_assurance_pret = na_if(Taux_assurance_pret, 999),"
"0","    Nombre_de_logement = na_if(Nombre_de_logement, 99),"
"0","    Statut_occupation_bien = na_if(Statut_occupation_bien, ""9""),"
"0","    Ratio_combine_pret_valeur_CLTV = na_if(Ratio_combine_pret_valeur_CLTV, 999),"
"0","    Taux_endettement_DTI = na_if(Taux_endettement_DTI, 999),"
"0","    Ratio_pret_valeur_LTV = na_if(Ratio_pret_valeur_LTV, 999),"
"0","    Canal_origination = na_if(Canal_origination, ""9""),"
"0","    Type_bien = na_if(Type_bien, ""99""),"
"0","    Objet_du_pret = na_if(Objet_du_pret, ""9""),"
"0","    Nbr_emprunteur = na_if(Nbr_emprunteur, 99),"
"0","    Programme_eligibilite_speciale = na_if(Programme_eligibilite_speciale, """"),"
"0","    Methode_evaluation_bien = na_if(Methode_evaluation_bien, 7),"
"0","    Score_vantage = na_if(Score_vantage, 9999)"
"0","  )"
