"0","str(base_perf)"
"1","Classes"
"1"," "
"1","‘data.table’"
"1"," "
"1","and "
"1","'data.frame':	"
"1",""
"1","404946"
"1",""
"1"," obs. of  "
"1",""
"1","35"
"1",""
"1"," variable"
"1",""
"1","s"
"1",""
"1",":"
"1",""
"1","
"
"1"," "
"1",""
"1","$ "
"1",""
"1","LOAN IDENTIFIER                                               "
"1",""
"1",":"
"1"," chr  "
"1",""
"1","""F25Q10000020"" ""F25Q10000020"" ""F25Q10000020"" ""F25Q10000020"""
"1",""
"1"," ..."
"1",""
"1","
"
"1"," "
"1",""
"1","$ "
"1",""
"1","PERIOD                                                        "
"1",""
"1",":"
"1"," int  "
"1",""
"1","202503 202504 202505 202506 202507 202508 202509 202510 202511 202512"
"1",""
"1"," ..."
"1",""
"1","
"
"1"," "
"1",""
"1","$ "
"1",""
"1","CURRENT ACTUAL UPB                                            "
"1",""
"1",":"
"1"," num  "
"1",""
"1","475000 475000 474000 474000 473000"
"1",""
"1"," ..."
"1",""
"1","
"
"1"," "
"1",""
"1","$ "
"1",""
"1","CURRENT LOAN DELINQUENCY STATUS                               "
"1",""
"1",":"
"1"," chr  "
"1",""
"1","""00"" ""00"" ""00"" ""00"""
"1",""
"1"," ..."
"1",""
"1","
"
"1"," "
"1",""
"1","$ "
"1",""
"1","LOAN AGE                                                      "
"1",""
"1",":"
"1"," int  "
"1",""
"1","0 1 2 3 4 5 6 7 8 9"
"1",""
"1"," ..."
"1",""
"1","
"
"1"," "
"1",""
"1","$ "
"1",""
"1","REMAINING MONTHS TO LEGAL MATURITY                            "
"1",""
"1",":"
"1"," int  "
"1",""
"1","360 359 358 357 356 355 354 353 352 351"
"1",""
"1"," ..."
"1",""
"1","
"
"1"," "
"1",""
"1","$ "
"1",""
"1","UNDERWRITING DEFECT AND MAJOR SERVICING DEFECT SETTLEMENT DATE"
"1",""
"1",":"
"1"," int  "
"1",""
"1","NA NA NA NA NA NA NA NA NA NA"
"1",""
"1"," ..."
"1",""
"1","
"
"1"," "
"1",""
"1","$ "
"1",""
"1","MODIFICATION FLAG                                             "
"1",""
"1",":"
"1"," logi  "
"1",""
"1","NA NA NA NA NA NA"
"1",""
"1"," ..."
"1",""
"1","
"
"1"," "
"1",""
"1","$ "
"1",""
"1","ZERO BALANCE CODE                                             "
"1",""
"1",":"
"1"," int  "
"1",""
"1","NA NA NA NA NA NA NA NA NA NA"
"1",""
"1"," ..."
"1",""
"1","
"
"1"," "
"1",""
"1","$ "
"1",""
"1","ZERO BALANCE EFFECTIVE DATE                                   "
"1",""
"1",":"
"1"," int  "
"1",""
"1","NA NA NA NA NA NA NA NA NA NA"
"1",""
"1"," ..."
"1",""
"1","
"
"1"," "
"1",""
"1","$ "
"1",""
"1","CURRENT INTEREST RATE                                         "
"1",""
"1",":"
"1"," num  "
"1",""
"1","6.88 6.88 6.88 6.88 6.88"
"1",""
"1"," ..."
"1",""
"1","
"
"1"," "
"1",""
"1","$ "
"1",""
"1","CURRENT NON-INTEREST BEARING UPB                              "
"1",""
"1",":"
"1"," num  "
"1",""
"1","0 0 0 0 0 0 0 0 0 0"
"1",""
"1"," ..."
"1",""
"1","
"
"1"," "
"1",""
"1","$ "
"1",""
"1","DUE DATE OF LAST PAID INSTALLMENT (DDLPI)                     "
"1",""
"1",":"
"1"," int  "
"1",""
"1","NA NA NA NA NA NA NA NA NA NA"
"1",""
"1"," ..."
"1",""
"1","
"
"1"," "
"1",""
"1","$ "
"1",""
"1","MI RECOVERIES                                                 "
"1",""
"1",":"
"1"," logi  "
"1",""
"1","NA NA NA NA NA NA"
"1",""
"1"," ..."
"1",""
"1","
"
"1"," "
"1",""
"1","$ "
"1",""
"1","NET SALES PROCEEDS                                            "
"1",""
"1",":"
"1"," logi  "
"1",""
"1","NA NA NA NA NA NA"
"1",""
"1"," ..."
"1",""
"1","
"
"1"," "
"1",""
"1","$ "
"1",""
"1","NON MI RECOVERIES                                             "
"1",""
"1",":"
"1"," logi  "
"1",""
"1","NA NA NA NA NA NA"
"1",""
"1"," ..."
"1",""
"1","
"
"1"," "
"1",""
"1","$ "
"1",""
"1","TOTAL EXPENSES                                                "
"1",""
"1",":"
"1"," logi  "
"1",""
"1","NA NA NA NA NA NA"
"1",""
"1"," ..."
"1",""
"1","
"
"1"," "
"1",""
"1","$ "
"1",""
"1","LEGAL COSTS                                                   "
"1",""
"1",":"
"1"," logi  "
"1",""
"1","NA NA NA NA NA NA"
"1",""
"1"," ..."
"1",""
"1","
"
"1"," "
"1",""
"1","$ "
"1",""
"1","MAINTENANCE AND PRESERVATION COSTS                            "
"1",""
"1",":"
"1"," logi  "
"1",""
"1","NA NA NA NA NA NA"
"1",""
"1"," ..."
"1",""
"1","
"
"1"," "
"1",""
"1","$ "
"1",""
"1","TAXES AND INSURANCE                                           "
"1",""
"1",":"
"1"," logi  "
"1",""
"1","NA NA NA NA NA NA"
"1",""
"1"," ..."
"1",""
"1","
"
"1"," "
"1",""
"1","$ "
"1",""
"1","MISCELLANEOUS EXPENSES                                        "
"1",""
"1",":"
"1"," logi  "
"1",""
"1","NA NA NA NA NA NA"
"1",""
"1"," ..."
"1",""
"1","
"
"1"," "
"1",""
"1","$ "
"1",""
"1","ACTUAL LOSS                                                   "
"1",""
"1",":"
"1"," logi  "
"1",""
"1","NA NA NA NA NA NA"
"1",""
"1"," ..."
"1",""
"1","
"
"1"," "
"1",""
"1","$ "
"1",""
"1","CUMULATIVE MODIFICATION COSTS                                 "
"1",""
"1",":"
"1"," num  "
"1",""
"1","0 0 0 0 0 0 0 0 0 0"
"1",""
"1"," ..."
"1",""
"1","
"
"1"," "
"1",""
"1","$ "
"1",""
"1","INTEREST RATE STEP INDICATOR                                  "
"1",""
"1",":"
"1"," logi  "
"1",""
"1","NA NA NA NA NA NA"
"1",""
"1"," ..."
"1",""
"1","
"
"1"," "
"1",""
"1","$ "
"1",""
"1","PAYMENT DEFERRAL FLAG                                         "
"1",""
"1",":"
"1"," chr  "
"1",""
"1",""""" """" """" """""
"1",""
"1"," ..."
"1",""
"1","
"
"1"," "
"1",""
"1","$ "
"1",""
"1","ESTIMATED LOAN-TO-VALUE (ELTV)                                "
"1",""
"1",":"
"1"," int  "
"1",""
"1","94 93 94 94 95 93 89 89 91 91"
"1",""
"1"," ..."
"1",""
"1","
"
"1"," "
"1",""
"1","$ "
"1",""
"1","ZERO BALANCE REMOVAL UPB                                      "
"1",""
"1",":"
"1"," num  "
"1",""
"1","NA NA NA NA NA NA NA NA NA NA"
"1",""
"1"," ..."
"1",""
"1","
"
"1"," "
"1",""
"1","$ "
"1",""
"1","DELINQUENT ACCRUED INTEREST                                   "
"1",""
"1",":"
"1"," logi  "
"1",""
"1","NA NA NA NA NA NA"
"1",""
"1"," ..."
"1",""
"1","
"
"1"," "
"1",""
"1","$ "
"1",""
"1","DELINQUENCY DUE TO DISASTER                                   "
"1",""
"1",":"
"1"," chr  "
"1",""
"1",""""" """" """" """""
"1",""
"1"," ..."
"1",""
"1","
"
"1"," "
"1",""
"1","$ "
"1",""
"1","BORROWER ASSISTANCE PLAN                                      "
"1",""
"1",":"
"1"," chr  "
"1",""
"1",""""" """" """" """""
"1",""
"1"," ..."
"1",""
"1","
"
"1"," "
"1",""
"1","$ "
"1",""
"1","CURRENT PERIOD MODIFICATION COSTS                             "
"1",""
"1",":"
"1"," num  "
"1",""
"1","NA NA NA NA NA NA NA NA NA NA"
"1",""
"1"," ..."
"1",""
"1","
"
"1"," "
"1",""
"1","$ "
"1",""
"1","CURRENT INTEREST BEARING UPB                                  "
"1",""
"1",":"
"1"," num  "
"1",""
"1","475000 475000 474000 474000 473000"
"1",""
"1"," ..."
"1",""
"1","
"
"1"," "
"1",""
"1","$ "
"1",""
"1","MORTGAGE INSURANCE CANCELLATION INDICATOR                     "
"1",""
"1",":"
"1"," chr  "
"1",""
"1","""N"" ""N"" ""N"" ""N"""
"1",""
"1"," ..."
"1",""
"1","
"
"1"," "
"1",""
"1","$ "
"1",""
"1","SERVICER NAME                                                 "
"1",""
"1",":"
"1"," chr  "
"1",""
"1","""OTHER"" ""OTHER"" ""OTHER"" ""OTHER"""
"1",""
"1"," ..."
"1",""
"1","
"
"1"," "
"1",""
"1","$ "
"1",""
"1","BANKRUPTCY CRAMDOWN COSTS                                     "
"1",""
"1",":"
"1"," num  "
"1",""
"1","NA NA NA NA NA NA NA 0 0 0"
"1",""
"1"," ..."
"1",""
"1","
"
"1"," "
"1",""
"1","- attr(*, "".internal.selfref"")="
"1","<externalptr> "
"1",""
"1",""
"1",""
"1","
"
