"0","# Caractère "
"0","base_orig[, `POSTAL CODE` := as.character(`POSTAL CODE`)]"
"0","base_orig[, `PRE-HARP LOAN SEQUENCE NUMBER` := as.character(`PRE-HARP LOAN SEQUENCE NUMBER`)]"
"0","base_orig[, `SPECIAL ELIGIBILITY PROGRAM` := as.character(`SPECIAL ELIGIBILITY PROGRAM`)]"
"0",""
"0","# Date "
"0","base_orig[, `FIRST PAYMENT DATE` := as.Date(paste0(`FIRST PAYMENT DATE`, ""01""), format = ""%Y%m%d"")]"
"0","base_orig[, `MATURITY DATE` := as.Date(paste0(`MATURITY DATE`, ""01""), format = ""%Y%m%d"")]"
"0",""
"0","# vérification "
"0",""
"0","str(base_orig)"
"1","Classes"
"1"," "
"1","‘data.table’"
"1"," "
"1","and "
"1","'data.frame':	"
"1",""
"1","50000"
"1",""
"1"," obs. of  "
"1",""
"1","31"
"1",""
"1"," variable"
"1",""
"1","s"
"1",""
"1",":"
"1",""
"1","
"
"1"," "
"1",""
"1","$ "
"1",""
"1","CLASSIC FICO                                                "
"1",""
"1",":"
"1"," int  "
"1",""
"1","727 696 697 718 783 791 661 782 751 814"
"1",""
"1"," ..."
"1",""
"1","
"
"1"," "
"1",""
"1","$ "
"1",""
"1","FIRST PAYMENT DATE                                          "
"1",""
"1",":"
"1"," "
"1",""
"1","Date"
"1",""
"1",", format: "
"1",""
"1","""2025-04-01"" ""2025-03-01"" ""2025-03-01"""
"1",""
"1"," ..."
"1",""
"1","
"
"1"," "
"1",""
"1","$ "
"1",""
"1","FIRST TIME HOMEBUYER INDICATOR                              "
"1",""
"1",":"
"1"," chr  "
"1",""
"1","""N"" ""N"" ""N"" ""Y"""
"1",""
"1"," ..."
"1",""
"1","
"
"1"," "
"1",""
"1","$ "
"1",""
"1","MATURITY DATE                                               "
"1",""
"1",":"
"1"," "
"1",""
"1","Date"
"1",""
"1",", format: "
"1",""
"1","""2055-03-01"" ""2055-02-01"" ""2055-02-01"""
"1",""
"1"," ..."
"1",""
"1","
"
"1"," "
"1",""
"1","$ "
"1",""
"1","METROPOLITAN STATISTICAL AREA (MSA) OR METROPOLITAN DIVISION"
"1",""
"1",":"
"1"," int  "
"1",""
"1","47260 NA 46140 45780 13780 36980 13780 NA 25940 29484"
"1",""
"1"," ..."
"1",""
"1","
"
"1"," "
"1",""
"1","$ "
"1",""
"1","MORTGAGE INSURANCE PERCENTAGE (MI %)                        "
"1",""
"1",":"
"1"," int  "
"1",""
"1","30 25 0 0 25 0 0 25 30 0"
"1",""
"1"," ..."
"1",""
"1","
"
"1"," "
"1",""
"1","$ "
"1",""
"1","NUMBER OF UNITS                                             "
"1",""
"1",":"
"1"," int  "
"1",""
"1","1 1 1 1 1 1 1 1 1 1"
"1",""
"1"," ..."
"1",""
"1","
"
"1"," "
"1",""
"1","$ "
"1",""
"1","OCCUPANCY STATUS                                            "
"1",""
"1",":"
"1"," chr  "
"1",""
"1","""P"" ""P"" ""P"" ""P"""
"1",""
"1"," ..."
"1",""
"1","
"
"1"," "
"1",""
"1","$ "
"1",""
"1","ORIGINAL COMBINED LOAN-TO-VALUE (CLTV)                      "
"1",""
"1",":"
"1"," int  "
"1",""
"1","95 87 78 72 105 80 65 90 95 80"
"1",""
"1"," ..."
"1",""
"1","
"
"1"," "
"1",""
"1","$ "
"1",""
"1","ORIGINAL DEBT-TO-INCOME (DTI) RATIO                         "
"1",""
"1",":"
"1"," int  "
"1",""
"1","25 31 32 22 39 34 28 37 48 39"
"1",""
"1"," ..."
"1",""
"1","
"
"1"," "
"1",""
"1","$ "
"1",""
"1","ORIGINAL UPB                                                "
"1",""
"1",":"
"1"," int  "
"1",""
"1","475000 163000 115000 189000 200000 324000 140000 330000 309000 799000"
"1",""
"1"," ..."
"1",""
"1","
"
"1"," "
"1",""
"1","$ "
"1",""
"1","ORIGINAL LOAN-TO-VALUE (LTV)                                "
"1",""
"1",":"
"1"," int  "
"1",""
"1","95 87 78 72 96 80 65 90 95 80"
"1",""
"1"," ..."
"1",""
"1","
"
"1"," "
"1",""
"1","$ "
"1",""
"1","ORIGINAL INTEREST RATE                                      "
"1",""
"1",":"
"1"," num  "
"1",""
"1","6.88 6.75 6.88 6.5 6.25"
"1",""
"1"," ..."
"1",""
"1","
"
"1"," "
"1",""
"1","$ "
"1",""
"1","CHANNEL                                                     "
"1",""
"1",":"
"1"," chr  "
"1",""
"1","""R"" ""R"" ""R"" ""R"""
"1",""
"1"," ..."
"1",""
"1","
"
"1"," "
"1",""
"1","$ "
"1",""
"1","PREPAYMENT PENALTY INDICATOR                                "
"1",""
"1",":"
"1"," chr  "
"1",""
"1","""N"" ""N"" ""N"" ""N"""
"1",""
"1"," ..."
"1",""
"1","
"
"1"," "
"1",""
"1","$ "
"1",""
"1","AMORTIZATION TYPE                                           "
"1",""
"1",":"
"1"," chr  "
"1",""
"1","""FRM"" ""FRM"" ""FRM"" ""FRM"""
"1",""
"1"," ..."
"1",""
"1","
"
"1"," "
"1",""
"1","$ "
"1",""
"1","PROPERTY STATE                                              "
"1",""
"1",":"
"1"," chr  "
"1",""
"1","""VA"" ""KS"" ""OK"" ""OH"""
"1",""
"1"," ..."
"1",""
"1","
"
"1"," "
"1",""
"1","$ "
"1",""
"1","PROPERTY TYPE                                               "
"1",""
"1",":"
"1"," chr  "
"1",""
"1","""SF"" ""SF"" ""SF"" ""SF"""
"1",""
"1"," ..."
"1",""
"1","
"
"1"," "
"1",""
"1","$ "
"1",""
"1","POSTAL CODE                                                 "
"1",""
"1",":"
"1"," chr  "
"1",""
"1","""230"" ""678"" ""741"" ""435"""
"1",""
"1"," ..."
"1",""
"1","
"
"1"," "
"1",""
"1","$ "
"1",""
"1","LOAN IDENTIFIER                                             "
"1",""
"1",":"
"1"," chr  "
"1",""
"1","""F25Q10000020"" ""F25Q10000044"" ""F25Q10000051"" ""F25Q10000052"""
"1",""
"1"," ..."
"1",""
"1","
"
"1"," "
"1",""
"1","$ "
"1",""
"1","LOAN PURPOSE                                                "
"1",""
"1",":"
"1"," chr  "
"1",""
"1","""P"" ""P"" ""N"" ""P"""
"1",""
"1"," ..."
"1",""
"1","
"
"1"," "
"1",""
"1","$ "
"1",""
"1","ORIGINAL LOAN TERM                                          "
"1",""
"1",":"
"1"," int  "
"1",""
"1","360 360 360 360 360 360 360 360 360 360"
"1",""
"1"," ..."
"1",""
"1","
"
"1"," "
"1",""
"1","$ "
"1",""
"1","NUMBER OF BORROWERS                                         "
"1",""
"1",":"
"1"," int  "
"1",""
"1","2 2 1 2 1 1 2 2 2 1"
"1",""
"1"," ..."
"1",""
"1","
"
"1"," "
"1",""
"1","$ "
"1",""
"1","SELLER NAME                                                 "
"1",""
"1",":"
"1"," chr  "
"1",""
"1","""OTHER"" ""OTHER"" ""OTHER"" ""OTHER"""
"1",""
"1"," ..."
"1",""
"1","
"
"1"," "
"1",""
"1","$ "
"1",""
"1","SUPER CONFORMING FLAG                                       "
"1",""
"1",":"
"1"," chr  "
"1",""
"1","""N"" ""N"" ""N"" ""N"""
"1",""
"1"," ..."
"1",""
"1","
"
"1"," "
"1",""
"1","$ "
"1",""
"1","PRE-HARP LOAN SEQUENCE NUMBER                               "
"1",""
"1",":"
"1"," chr  "
"1",""
"1","NA NA NA NA"
"1",""
"1"," ..."
"1",""
"1","
"
"1"," "
"1",""
"1","$ "
"1",""
"1","SPECIAL ELIGIBILITY PROGRAM                                 "
"1",""
"1",":"
"1"," chr  "
"1",""
"1",""""" """" """" """""
"1",""
"1"," ..."
"1",""
"1","
"
"1"," "
"1",""
"1","$ "
"1",""
"1","HARP INDICATOR                                              "
"1",""
"1",":"
"1"," chr  "
"1",""
"1","""N"" ""N"" ""N"" ""N"""
"1",""
"1"," ..."
"1",""
"1","
"
"1"," "
"1",""
"1","$ "
"1",""
"1","PROPERTY VALUATION METHOD                                   "
"1",""
"1",":"
"1"," int  "
"1",""
"1","2 2 2 1 2 2 2 2 2 2"
"1",""
"1"," ..."
"1",""
"1","
"
"1"," "
"1",""
"1","$ "
"1",""
"1","INTEREST ONLY (I/O) INDICATOR                               "
"1",""
"1",":"
"1"," chr  "
"1",""
"1","""N"" ""N"" ""N"" ""N"""
"1",""
"1"," ..."
"1",""
"1","
"
"1"," "
"1",""
"1","$ "
"1",""
"1","VANTAGESCORE 4.0                                            "
"1",""
"1",":"
"1"," int  "
"1",""
"1","9999 9999 9999 9999 9999 9999 9999 9999 9999 9999"
"1",""
"1"," ..."
"1",""
"1","
"
"1"," "
"1",""
"1","- attr(*, "".internal.selfref"")="
"1","<externalptr> "
"1",""
"1",""
"1",""
"1","
"
