"0","# Caractère / Texte"
"0","base_perf[, `MODIFICATION FLAG` := as.character(`MODIFICATION FLAG`)]"
"0","base_perf[, `INTEREST RATE STEP INDICATOR` := as.character(`INTEREST RATE STEP INDICATOR`)]"
"0","base_perf[, `PAYMENT DEFERRAL FLAG` := as.character(`PAYMENT DEFERRAL FLAG`)]"
"0","base_perf[, `DELINQUENCY DUE TO DISASTER` := as.character(`DELINQUENCY DUE TO DISASTER`)]"
"0","base_perf[, `BORROWER ASSISTANCE PLAN` := as.character(`BORROWER ASSISTANCE PLAN`)]"
"0","base_perf[, `MORTGAGE INSURANCE CANCELLATION INDICATOR` := as.character(`MORTGAGE INSURANCE CANCELLATION INDICATOR`)]"
"0","base_perf[, `SERVICER NAME` := as.character(`SERVICER NAME`)]"
"0",""
"0","# Date "
"0","base_perf[, `PERIOD` := as.Date(paste0(`PERIOD`, ""01""), format = ""%Y%m%d"")]"
"0","base_perf[, `UNDERWRITING DEFECT AND MAJOR SERVICING DEFECT SETTLEMENT DATE` := as.Date(paste0(`UNDERWRITING DEFECT AND MAJOR SERVICING DEFECT SETTLEMENT DATE`, ""01""), format = ""%Y%m%d"")]"
"0","base_perf[, `ZERO BALANCE EFFECTIVE DATE` := as.Date(paste0(`ZERO BALANCE EFFECTIVE DATE`, ""01""), format = ""%Y%m%d"")]"
"0","base_perf[, `DUE DATE OF LAST PAID INSTALLMENT (DDLPI)` := as.Date(paste0(`DUE DATE OF LAST PAID INSTALLMENT (DDLPI)`, ""01""), format = ""%Y%m%d"")]"
"0",""
"0","# Numérique (pour les colonnes financières ou d'indices lues en logi NA dans l'échantillon)"
"0","cols_num_perf <- c(""MI RECOVERIES"", ""NET SALES PROCEEDS"", ""NON MI RECOVERIES"", ""TOTAL EXPENSES"", "
"0","                   ""LEGAL COSTS"", ""MAINTENANCE AND PRESERVATION COSTS"", ""TAXES AND INSURANCE"", "
"0","                   ""MISCELLANEOUS EXPENSES"", ""ACTUAL LOSS"", ""ZERO BALANCE REMOVAL UPB"", "
"0","                   ""DELINQUENT ACCRUED INTEREST"", ""CURRENT PERIOD MODIFICATION COSTS"")"
"0",""
"0","for (col in cols_num_perf) {"
"0","  base_perf[, (col) := as.numeric(get(col))]"
"0","}"
"0",""
"0","# Vérification"
"0","str(base_perf)"
"1","Classes"
"1"," "
"1","‘data.table’"
"1"," "
"1","and "
"1","'data.frame':	"
"1",""
"1","404946"
"1",""
"1"," obs. of  "
"1",""
"1","35"
"1",""
"1"," variable"
"1",""
"1","s"
"1",""
"1",":"
"1",""
"1","
"
"1"," "
"1",""
"1","$ "
"1",""
"1","LOAN IDENTIFIER                                               "
"1",""
"1",":"
"1"," chr  "
"1",""
"1","""F25Q10000020"" ""F25Q10000020"" ""F25Q10000020"" ""F25Q10000020"""
"1",""
"1"," ..."
"1",""
"1","
"
"1"," "
"1",""
"1","$ "
"1",""
"1","PERIOD                                                        "
"1",""
"1",":"
"1"," "
"1",""
"1","Date"
"1",""
"1",", format: "
"1",""
"1","""2025-03-01"" ""2025-04-01"" ""2025-05-01"""
"1",""
"1"," ..."
"1",""
"1","
"
"1"," "
"1",""
"1","$ "
"1",""
"1","CURRENT ACTUAL UPB                                            "
"1",""
"1",":"
"1"," num  "
"1",""
"1","475000 475000 474000 474000 473000"
"1",""
"1"," ..."
"1",""
"1","
"
"1"," "
"1",""
"1","$ "
"1",""
"1","CURRENT LOAN DELINQUENCY STATUS                               "
"1",""
"1",":"
"1"," chr  "
"1",""
"1","""00"" ""00"" ""00"" ""00"""
"1",""
"1"," ..."
"1",""
"1","
"
"1"," "
"1",""
"1","$ "
"1",""
"1","LOAN AGE                                                      "
"1",""
"1",":"
"1"," int  "
"1",""
"1","0 1 2 3 4 5 6 7 8 9"
"1",""
"1"," ..."
"1",""
"1","
"
"1"," "
"1",""
"1","$ "
"1",""
"1","REMAINING MONTHS TO LEGAL MATURITY                            "
"1",""
"1",":"
"1"," int  "
"1",""
"1","360 359 358 357 356 355 354 353 352 351"
"1",""
"1"," ..."
"1",""
"1","
"
"1"," "
"1",""
"1","$ "
"1",""
"1","UNDERWRITING DEFECT AND MAJOR SERVICING DEFECT SETTLEMENT DATE"
"1",""
"1",":"
"1"," "
"1",""
"1","Date"
"1",""
"1",", format: "
"1",""
"1","NA NA NA"
"1",""
"1"," ..."
"1",""
"1","
"
"1"," "
"1",""
"1","$ "
"1",""
"1","MODIFICATION FLAG                                             "
"1",""
"1",":"
"1"," chr  "
"1",""
"1","NA NA NA NA"
"1",""
"1"," ..."
"1",""
"1","
"
"1"," "
"1",""
"1","$ "
"1",""
"1","ZERO BALANCE CODE                                             "
"1",""
"1",":"
"1"," int  "
"1",""
"1","NA NA NA NA NA NA NA NA NA NA"
"1",""
"1"," ..."
"1",""
"1","
"
"1"," "
"1",""
"1","$ "
"1",""
"1","ZERO BALANCE EFFECTIVE DATE                                   "
"1",""
"1",":"
"1"," "
"1",""
"1","Date"
"1",""
"1",", format: "
"1",""
"1","NA NA NA"
"1",""
"1"," ..."
"1",""
"1","
"
"1"," "
"1",""
"1","$ "
"1",""
"1","CURRENT INTEREST RATE                                         "
"1",""
"1",":"
"1"," num  "
"1",""
"1","6.88 6.88 6.88 6.88 6.88"
"1",""
"1"," ..."
"1",""
"1","
"
"1"," "
"1",""
"1","$ "
"1",""
"1","CURRENT NON-INTEREST BEARING UPB                              "
"1",""
"1",":"
"1"," num  "
"1",""
"1","0 0 0 0 0 0 0 0 0 0"
"1",""
"1"," ..."
"1",""
"1","
"
"1"," "
"1",""
"1","$ "
"1",""
"1","DUE DATE OF LAST PAID INSTALLMENT (DDLPI)                     "
"1",""
"1",":"
"1"," "
"1",""
"1","Date"
"1",""
"1",", format: "
"1",""
"1","NA NA NA"
"1",""
"1"," ..."
"1",""
"1","
"
"1"," "
"1",""
"1","$ "
"1",""
"1","MI RECOVERIES                                                 "
"1",""
"1",":"
"1"," num  "
"1",""
"1","NA NA NA NA NA NA NA NA NA NA"
"1",""
"1"," ..."
"1",""
"1","
"
"1"," "
"1",""
"1","$ "
"1",""
"1","NET SALES PROCEEDS                                            "
"1",""
"1",":"
"1"," num  "
"1",""
"1","NA NA NA NA NA NA NA NA NA NA"
"1",""
"1"," ..."
"1",""
"1","
"
"1"," "
"1",""
"1","$ "
"1",""
"1","NON MI RECOVERIES                                             "
"1",""
"1",":"
"1"," num  "
"1",""
"1","NA NA NA NA NA NA NA NA NA NA"
"1",""
"1"," ..."
"1",""
"1","
"
"1"," "
"1",""
"1","$ "
"1",""
"1","TOTAL EXPENSES                                                "
"1",""
"1",":"
"1"," num  "
"1",""
"1","NA NA NA NA NA NA NA NA NA NA"
"1",""
"1"," ..."
"1",""
"1","
"
"1"," "
"1",""
"1","$ "
"1",""
"1","LEGAL COSTS                                                   "
"1",""
"1",":"
"1"," num  "
"1",""
"1","NA NA NA NA NA NA NA NA NA NA"
"1",""
"1"," ..."
"1",""
"1","
"
"1"," "
"1",""
"1","$ "
"1",""
"1","MAINTENANCE AND PRESERVATION COSTS                            "
"1",""
"1",":"
"1"," num  "
"1",""
"1","NA NA NA NA NA NA NA NA NA NA"
"1",""
"1"," ..."
"1",""
"1","
"
"1"," "
"1",""
"1","$ "
"1",""
"1","TAXES AND INSURANCE                                           "
"1",""
"1",":"
"1"," num  "
"1",""
"1","NA NA NA NA NA NA NA NA NA NA"
"1",""
"1"," ..."
"1",""
"1","
"
"1"," "
"1",""
"1","$ "
"1",""
"1","MISCELLANEOUS EXPENSES                                        "
"1",""
"1",":"
"1"," num  "
"1",""
"1","NA NA NA NA NA NA NA NA NA NA"
"1",""
"1"," ..."
"1",""
"1","
"
"1"," "
"1",""
"1","$ "
"1",""
"1","ACTUAL LOSS                                                   "
"1",""
"1",":"
"1"," num  "
"1",""
"1","NA NA NA NA NA NA NA NA NA NA"
"1",""
"1"," ..."
"1",""
"1","
"
"1"," "
"1",""
"1","$ "
"1",""
"1","CUMULATIVE MODIFICATION COSTS                                 "
"1",""
"1",":"
"1"," num  "
"1",""
"1","0 0 0 0 0 0 0 0 0 0"
"1",""
"1"," ..."
"1",""
"1","
"
"1"," "
"1",""
"1","$ "
"1",""
"1","INTEREST RATE STEP INDICATOR                                  "
"1",""
"1",":"
"1"," chr  "
"1",""
"1","NA NA NA NA"
"1",""
"1"," ..."
"1",""
"1","
"
"1"," "
"1",""
"1","$ "
"1",""
"1","PAYMENT DEFERRAL FLAG                                         "
"1",""
"1",":"
"1"," chr  "
"1",""
"1",""""" """" """" """""
"1",""
"1"," ..."
"1",""
"1","
"
"1"," "
"1",""
"1","$ "
"1",""
"1","ESTIMATED LOAN-TO-VALUE (ELTV)                                "
"1",""
"1",":"
"1"," int  "
"1",""
"1","94 93 94 94 95 93 89 89 91 91"
"1",""
"1"," ..."
"1",""
"1","
"
"1"," "
"1",""
"1","$ "
"1",""
"1","ZERO BALANCE REMOVAL UPB                                      "
"1",""
"1",":"
"1"," num  "
"1",""
"1","NA NA NA NA NA NA NA NA NA NA"
"1",""
"1"," ..."
"1",""
"1","
"
"1"," "
"1",""
"1","$ "
"1",""
"1","DELINQUENT ACCRUED INTEREST                                   "
"1",""
"1",":"
"1"," num  "
"1",""
"1","NA NA NA NA NA NA NA NA NA NA"
"1",""
"1"," ..."
"1",""
"1","
"
"1"," "
"1",""
"1","$ "
"1",""
"1","DELINQUENCY DUE TO DISASTER                                   "
"1",""
"1",":"
"1"," chr  "
"1",""
"1",""""" """" """" """""
"1",""
"1"," ..."
"1",""
"1","
"
"1"," "
"1",""
"1","$ "
"1",""
"1","BORROWER ASSISTANCE PLAN                                      "
"1",""
"1",":"
"1"," chr  "
"1",""
"1",""""" """" """" """""
"1",""
"1"," ..."
"1",""
"1","
"
"1"," "
"1",""
"1","$ "
"1",""
"1","CURRENT PERIOD MODIFICATION COSTS                             "
"1",""
"1",":"
"1"," num  "
"1",""
"1","NA NA NA NA NA NA NA NA NA NA"
"1",""
"1"," ..."
"1",""
"1","
"
"1"," "
"1",""
"1","$ "
"1",""
"1","CURRENT INTEREST BEARING UPB                                  "
"1",""
"1",":"
"1"," num  "
"1",""
"1","475000 475000 474000 474000 473000"
"1",""
"1"," ..."
"1",""
"1","
"
"1"," "
"1",""
"1","$ "
"1",""
"1","MORTGAGE INSURANCE CANCELLATION INDICATOR                     "
"1",""
"1",":"
"1"," chr  "
"1",""
"1","""N"" ""N"" ""N"" ""N"""
"1",""
"1"," ..."
"1",""
"1","
"
"1"," "
"1",""
"1","$ "
"1",""
"1","SERVICER NAME                                                 "
"1",""
"1",":"
"1"," chr  "
"1",""
"1","""OTHER"" ""OTHER"" ""OTHER"" ""OTHER"""
"1",""
"1"," ..."
"1",""
"1","
"
"1"," "
"1",""
"1","$ "
"1",""
"1","BANKRUPTCY CRAMDOWN COSTS                                     "
"1",""
"1",":"
"1"," num  "
"1",""
"1","NA NA NA NA NA NA NA 0 0 0"
"1",""
"1"," ..."
"1",""
"1","
"
"1"," "
"1",""
"1","- attr(*, "".internal.selfref"")="
"1","<externalptr> "
"1",""
"1",""
"1",""
"1","
"
