"0","dim(base_complete)"
"1","[1]"
"1"," 404946"
"1","     65"
"1","
"
"0","str(base_complete)"
"1","Classes"
"1"," "
"1","‘data.table’"
"1"," "
"1","and "
"1","'data.frame':	"
"1",""
"1","404946"
"1",""
"1"," obs. of  "
"1",""
"1","65"
"1",""
"1"," variable"
"1",""
"1","s"
"1",""
"1",":"
"1",""
"1","
"
"1"," "
"1",""
"1","$ "
"1",""
"1","LOAN IDENTIFIER                                               "
"1",""
"1",":"
"1"," chr  "
"1",""
"1","""F25Q10000020"" ""F25Q10000020"" ""F25Q10000020"" ""F25Q10000020"""
"1",""
"1"," ..."
"1",""
"1","
"
"1"," "
"1",""
"1","$ "
"1",""
"1","PERIOD                                                        "
"1",""
"1",":"
"1"," "
"1",""
"1","Date"
"1",""
"1",", format: "
"1",""
"1","""2025-03-01"" ""2025-04-01"" ""2025-05-01"""
"1",""
"1"," ..."
"1",""
"1","
"
"1"," "
"1",""
"1","$ "
"1",""
"1","CURRENT ACTUAL UPB                                            "
"1",""
"1",":"
"1"," num  "
"1",""
"1","475000 475000 474000 474000 473000"
"1",""
"1"," ..."
"1",""
"1","
"
"1"," "
"1",""
"1","$ "
"1",""
"1","CURRENT LOAN DELINQUENCY STATUS                               "
"1",""
"1",":"
"1"," chr  "
"1",""
"1","""00"" ""00"" ""00"" ""00"""
"1",""
"1"," ..."
"1",""
"1","
"
"1"," "
"1",""
"1","$ "
"1",""
"1","LOAN AGE                                                      "
"1",""
"1",":"
"1"," int  "
"1",""
"1","0 1 2 3 4 5 6 7 8 9"
"1",""
"1"," ..."
"1",""
"1","
"
"1"," "
"1",""
"1","$ "
"1",""
"1","REMAINING MONTHS TO LEGAL MATURITY                            "
"1",""
"1",":"
"1"," int  "
"1",""
"1","360 359 358 357 356 355 354 353 352 351"
"1",""
"1"," ..."
"1",""
"1","
"
"1"," "
"1",""
"1","$ "
"1",""
"1","UNDERWRITING DEFECT AND MAJOR SERVICING DEFECT SETTLEMENT DATE"
"1",""
"1",":"
"1"," "
"1",""
"1","Date"
"1",""
"1",", format: "
"1",""
"1","NA NA NA"
"1",""
"1"," ..."
"1",""
"1","
"
"1"," "
"1",""
"1","$ "
"1",""
"1","MODIFICATION FLAG                                             "
"1",""
"1",":"
"1"," chr  "
"1",""
"1","NA NA NA NA"
"1",""
"1"," ..."
"1",""
"1","
"
"1"," "
"1",""
"1","$ "
"1",""
"1","ZERO BALANCE CODE                                             "
"1",""
"1",":"
"1"," int  "
"1",""
"1","NA NA NA NA NA NA NA NA NA NA"
"1",""
"1"," ..."
"1",""
"1","
"
"1"," "
"1",""
"1","$ "
"1",""
"1","ZERO BALANCE EFFECTIVE DATE                                   "
"1",""
"1",":"
"1"," "
"1",""
"1","Date"
"1",""
"1",", format: "
"1",""
"1","NA NA NA"
"1",""
"1"," ..."
"1",""
"1","
"
"1"," "
"1",""
"1","$ "
"1",""
"1","CURRENT INTEREST RATE                                         "
"1",""
"1",":"
"1"," num  "
"1",""
"1","6.88 6.88 6.88 6.88 6.88"
"1",""
"1"," ..."
"1",""
"1","
"
"1"," "
"1",""
"1","$ "
"1",""
"1","CURRENT NON-INTEREST BEARING UPB                              "
"1",""
"1",":"
"1"," num  "
"1",""
"1","0 0 0 0 0 0 0 0 0 0"
"1",""
"1"," ..."
"1",""
"1","
"
"1"," "
"1",""
"1","$ "
"1",""
"1","DUE DATE OF LAST PAID INSTALLMENT (DDLPI)                     "
"1",""
"1",":"
"1"," "
"1",""
"1","Date"
"1",""
"1",", format: "
"1",""
"1","NA NA NA"
"1",""
"1"," ..."
"1",""
"1","
"
"1"," "
"1",""
"1","$ "
"1",""
"1","MI RECOVERIES                                                 "
"1",""
"1",":"
"1"," num  "
"1",""
"1","NA NA NA NA NA NA NA NA NA NA"
"1",""
"1"," ..."
"1",""
"1","
"
"1"," "
"1",""
"1","$ "
"1",""
"1","NET SALES PROCEEDS                                            "
"1",""
"1",":"
"1"," num  "
"1",""
"1","NA NA NA NA NA NA NA NA NA NA"
"1",""
"1"," ..."
"1",""
"1","
"
"1"," "
"1",""
"1","$ "
"1",""
"1","NON MI RECOVERIES                                             "
"1",""
"1",":"
"1"," num  "
"1",""
"1","NA NA NA NA NA NA NA NA NA NA"
"1",""
"1"," ..."
"1",""
"1","
"
"1"," "
"1",""
"1","$ "
"1",""
"1","TOTAL EXPENSES                                                "
"1",""
"1",":"
"1"," num  "
"1",""
"1","NA NA NA NA NA NA NA NA NA NA"
"1",""
"1"," ..."
"1",""
"1","
"
"1"," "
"1",""
"1","$ "
"1",""
"1","LEGAL COSTS                                                   "
"1",""
"1",":"
"1"," num  "
"1",""
"1","NA NA NA NA NA NA NA NA NA NA"
"1",""
"1"," ..."
"1",""
"1","
"
"1"," "
"1",""
"1","$ "
"1",""
"1","MAINTENANCE AND PRESERVATION COSTS                            "
"1",""
"1",":"
"1"," num  "
"1",""
"1","NA NA NA NA NA NA NA NA NA NA"
"1",""
"1"," ..."
"1",""
"1","
"
"1"," "
"1",""
"1","$ "
"1",""
"1","TAXES AND INSURANCE                                           "
"1",""
"1",":"
"1"," num  "
"1",""
"1","NA NA NA NA NA NA NA NA NA NA"
"1",""
"1"," ..."
"1",""
"1","
"
"1"," "
"1",""
"1","$ "
"1",""
"1","MISCELLANEOUS EXPENSES                                        "
"1",""
"1",":"
"1"," num  "
"1",""
"1","NA NA NA NA NA NA NA NA NA NA"
"1",""
"1"," ..."
"1",""
"1","
"
"1"," "
"1",""
"1","$ "
"1",""
"1","ACTUAL LOSS                                                   "
"1",""
"1",":"
"1"," num  "
"1",""
"1","NA NA NA NA NA NA NA NA NA NA"
"1",""
"1"," ..."
"1",""
"1","
"
"1"," "
"1",""
"1","$ "
"1",""
"1","CUMULATIVE MODIFICATION COSTS                                 "
"1",""
"1",":"
"1"," num  "
"1",""
"1","0 0 0 0 0 0 0 0 0 0"
"1",""
"1"," ..."
"1",""
"1","
"
"1"," "
"1",""
"1","$ "
"1",""
"1","INTEREST RATE STEP INDICATOR                                  "
"1",""
"1",":"
"1"," chr  "
"1",""
"1","NA NA NA NA"
"1",""
"1"," ..."
"1",""
"1","
"
"1"," "
"1",""
"1","$ "
"1",""
"1","PAYMENT DEFERRAL FLAG                                         "
"1",""
"1",":"
"1"," chr  "
"1",""
"1",""""" """" """" """""
"1",""
"1"," ..."
"1",""
"1","
"
"1"," "
"1",""
"1","$ "
"1",""
"1","ESTIMATED LOAN-TO-VALUE (ELTV)                                "
"1",""
"1",":"
"1"," int  "
"1",""
"1","94 93 94 94 95 93 89 89 91 91"
"1",""
"1"," ..."
"1",""
"1","
"
"1"," "
"1",""
"1","$ "
"1",""
"1","ZERO BALANCE REMOVAL UPB                                      "
"1",""
"1",":"
"1"," num  "
"1",""
"1","NA NA NA NA NA NA NA NA NA NA"
"1",""
"1"," ..."
"1",""
"1","
"
"1"," "
"1",""
"1","$ "
"1",""
"1","DELINQUENT ACCRUED INTEREST                                   "
"1",""
"1",":"
"1"," num  "
"1",""
"1","NA NA NA NA NA NA NA NA NA NA"
"1",""
"1"," ..."
"1",""
"1","
"
"1"," "
"1",""
"1","$ "
"1",""
"1","DELINQUENCY DUE TO DISASTER                                   "
"1",""
"1",":"
"1"," chr  "
"1",""
"1",""""" """" """" """""
"1",""
"1"," ..."
"1",""
"1","
"
"1"," "
"1",""
"1","$ "
"1",""
"1","BORROWER ASSISTANCE PLAN                                      "
"1",""
"1",":"
"1"," chr  "
"1",""
"1",""""" """" """" """""
"1",""
"1"," ..."
"1",""
"1","
"
"1"," "
"1",""
"1","$ "
"1",""
"1","CURRENT PERIOD MODIFICATION COSTS                             "
"1",""
"1",":"
"1"," num  "
"1",""
"1","NA NA NA NA NA NA NA NA NA NA"
"1",""
"1"," ..."
"1",""
"1","
"
"1"," "
"1",""
"1","$ "
"1",""
"1","CURRENT INTEREST BEARING UPB                                  "
"1",""
"1",":"
"1"," num  "
"1",""
"1","475000 475000 474000 474000 473000"
"1",""
"1"," ..."
"1",""
"1","
"
"1"," "
"1",""
"1","$ "
"1",""
"1","MORTGAGE INSURANCE CANCELLATION INDICATOR                     "
"1",""
"1",":"
"1"," chr  "
"1",""
"1","""N"" ""N"" ""N"" ""N"""
"1",""
"1"," ..."
"1",""
"1","
"
"1"," "
"1",""
"1","$ "
"1",""
"1","SERVICER NAME                                                 "
"1",""
"1",":"
"1"," chr  "
"1",""
"1","""OTHER"" ""OTHER"" ""OTHER"" ""OTHER"""
"1",""
"1"," ..."
"1",""
"1","
"
"1"," "
"1",""
"1","$ "
"1",""
"1","BANKRUPTCY CRAMDOWN COSTS                                     "
"1",""
"1",":"
"1"," num  "
"1",""
"1","NA NA NA NA NA NA NA 0 0 0"
"1",""
"1"," ..."
"1",""
"1","
"
"1"," "
"1",""
"1","$ "
"1",""
"1","CLASSIC FICO                                                  "
"1",""
"1",":"
"1"," int  "
"1",""
"1","727 727 727 727 727 727 727 727 727 727"
"1",""
"1"," ..."
"1",""
"1","
"
"1"," "
"1",""
"1","$ "
"1",""
"1","FIRST PAYMENT DATE                                            "
"1",""
"1",":"
"1"," "
"1",""
"1","Date"
"1",""
"1",", format: "
"1",""
"1","""2025-04-01"" ""2025-04-01"" ""2025-04-01"""
"1",""
"1"," ..."
"1",""
"1","
"
"1"," "
"1",""
"1","$ "
"1",""
"1","FIRST TIME HOMEBUYER INDICATOR                                "
"1",""
"1",":"
"1"," chr  "
"1",""
"1","""N"" ""N"" ""N"" ""N"""
"1",""
"1"," ..."
"1",""
"1","
"
"1"," "
"1",""
"1","$ "
"1",""
"1","MATURITY DATE                                                 "
"1",""
"1",":"
"1"," "
"1",""
"1","Date"
"1",""
"1",", format: "
"1",""
"1","""2055-03-01"" ""2055-03-01"" ""2055-03-01"""
"1",""
"1"," ..."
"1",""
"1","
"
"1"," "
"1",""
"1","$ "
"1",""
"1","METROPOLITAN STATISTICAL AREA (MSA) OR METROPOLITAN DIVISION  "
"1",""
"1",":"
"1"," int  "
"1",""
"1","47260 47260 47260 47260 47260 47260 47260 47260 47260 47260"
"1",""
"1"," ..."
"1",""
"1","
"
"1"," "
"1",""
"1","$ "
"1",""
"1","MORTGAGE INSURANCE PERCENTAGE (MI %)                          "
"1",""
"1",":"
"1"," int  "
"1",""
"1","30 30 30 30 30 30 30 30 30 30"
"1",""
"1"," ..."
"1",""
"1","
"
"1"," "
"1",""
"1","$ "
"1",""
"1","NUMBER OF UNITS                                               "
"1",""
"1",":"
"1"," int  "
"1",""
"1","1 1 1 1 1 1 1 1 1 1"
"1",""
"1"," ..."
"1",""
"1","
"
"1"," "
"1",""
"1","$ "
"1",""
"1","OCCUPANCY STATUS                                              "
"1",""
"1",":"
"1"," chr  "
"1",""
"1","""P"" ""P"" ""P"" ""P"""
"1",""
"1"," ..."
"1",""
"1","
"
"1"," "
"1",""
"1","$ "
"1",""
"1","ORIGINAL COMBINED LOAN-TO-VALUE (CLTV)                        "
"1",""
"1",":"
"1"," int  "
"1",""
"1","95 95 95 95 95 95 95 95 95 95"
"1",""
"1"," ..."
"1",""
"1","
"
"1"," "
"1",""
"1","$ "
"1",""
"1","ORIGINAL DEBT-TO-INCOME (DTI) RATIO                           "
"1",""
"1",":"
"1"," int  "
"1",""
"1","25 25 25 25 25 25 25 25 25 25"
"1",""
"1"," ..."
"1",""
"1","
"
"1"," "
"1",""
"1","$ "
"1",""
"1","ORIGINAL UPB                                                  "
"1",""
"1",":"
"1"," int  "
"1",""
"1","475000 475000 475000 475000 475000 475000 475000 475000 475000 475000"
"1",""
"1"," ..."
"1",""
"1","
"
"1"," "
"1",""
"1","$ "
"1",""
"1","ORIGINAL LOAN-TO-VALUE (LTV)                                  "
"1",""
"1",":"
"1"," int  "
"1",""
"1","95 95 95 95 95 95 95 95 95 95"
"1",""
"1"," ..."
"1",""
"1","
"
"1"," "
"1",""
"1","$ "
"1",""
"1","ORIGINAL INTEREST RATE                                        "
"1",""
"1",":"
"1"," num  "
"1",""
"1","6.88 6.88 6.88 6.88 6.88"
"1",""
"1"," ..."
"1",""
"1","
"
"1"," "
"1",""
"1","$ "
"1",""
"1","CHANNEL                                                       "
"1",""
"1",":"
"1"," chr  "
"1",""
"1","""R"" ""R"" ""R"" ""R"""
"1",""
"1"," ..."
"1",""
"1","
"
"1"," "
"1",""
"1","$ "
"1",""
"1","PREPAYMENT PENALTY INDICATOR                                  "
"1",""
"1",":"
"1"," chr  "
"1",""
"1","""N"" ""N"" ""N"" ""N"""
"1",""
"1"," ..."
"1",""
"1","
"
"1"," "
"1",""
"1","$ "
"1",""
"1","AMORTIZATION TYPE                                             "
"1",""
"1",":"
"1"," chr  "
"1",""
"1","""FRM"" ""FRM"" ""FRM"" ""FRM"""
"1",""
"1"," ..."
"1",""
"1","
"
"1"," "
"1",""
"1","$ "
"1",""
"1","PROPERTY STATE                                                "
"1",""
"1",":"
"1"," chr  "
"1",""
"1","""VA"" ""VA"" ""VA"" ""VA"""
"1",""
"1"," ..."
"1",""
"1","
"
"1"," "
"1",""
"1","$ "
"1",""
"1","PROPERTY TYPE                                                 "
"1",""
"1",":"
"1"," chr  "
"1",""
"1","""SF"" ""SF"" ""SF"" ""SF"""
"1",""
"1"," ..."
"1",""
"1","
"
"1"," "
"1",""
"1","$ "
"1",""
"1","POSTAL CODE                                                   "
"1",""
"1",":"
"1"," chr  "
"1",""
"1","""230"" ""230"" ""230"" ""230"""
"1",""
"1"," ..."
"1",""
"1","
"
"1"," "
"1",""
"1","$ "
"1",""
"1","LOAN PURPOSE                                                  "
"1",""
"1",":"
"1"," chr  "
"1",""
"1","""P"" ""P"" ""P"" ""P"""
"1",""
"1"," ..."
"1",""
"1","
"
"1"," "
"1",""
"1","$ "
"1",""
"1","ORIGINAL LOAN TERM                                            "
"1",""
"1",":"
"1"," int  "
"1",""
"1","360 360 360 360 360 360 360 360 360 360"
"1",""
"1"," ..."
"1",""
"1","
"
"1"," "
"1",""
"1","$ "
"1",""
"1","NUMBER OF BORROWERS                                           "
"1",""
"1",":"
"1"," int  "
"1",""
"1","2 2 2 2 2 2 2 2 2 2"
"1",""
"1"," ..."
"1",""
"1","
"
"1"," "
"1",""
"1","$ "
"1",""
"1","SELLER NAME                                                   "
"1",""
"1",":"
"1"," chr  "
"1",""
"1","""OTHER"" ""OTHER"" ""OTHER"" ""OTHER"""
"1",""
"1"," ..."
"1",""
"1","
"
"1"," "
"1",""
"1","$ "
"1",""
"1","SUPER CONFORMING FLAG                                         "
"1",""
"1",":"
"1"," chr  "
"1",""
"1","""N"" ""N"" ""N"" ""N"""
"1",""
"1"," ..."
"1",""
"1","
"
"1"," "
"1",""
"1","$ "
"1",""
"1","PRE-HARP LOAN SEQUENCE NUMBER                                 "
"1",""
"1",":"
"1"," chr  "
"1",""
"1","NA NA NA NA"
"1",""
"1"," ..."
"1",""
"1","
"
"1"," "
"1",""
"1","$ "
"1",""
"1","SPECIAL ELIGIBILITY PROGRAM                                   "
"1",""
"1",":"
"1"," chr  "
"1",""
"1",""""" """" """" """""
"1",""
"1"," ..."
"1",""
"1","
"
"1"," "
"1",""
"1","$ "
"1",""
"1","HARP INDICATOR                                                "
"1",""
"1",":"
"1"," chr  "
"1",""
"1","""N"" ""N"" ""N"" ""N"""
"1",""
"1"," ..."
"1",""
"1","
"
"1"," "
"1",""
"1","$ "
"1",""
"1","PROPERTY VALUATION METHOD                                     "
"1",""
"1",":"
"1"," int  "
"1",""
"1","2 2 2 2 2 2 2 2 2 2"
"1",""
"1"," ..."
"1",""
"1","
"
"1"," "
"1",""
"1","$ "
"1",""
"1","INTEREST ONLY (I/O) INDICATOR                                 "
"1",""
"1",":"
"1"," chr  "
"1",""
"1","""N"" ""N"" ""N"" ""N"""
"1",""
"1"," ..."
"1",""
"1","
"
"1"," "
"1",""
"1","$ "
"1",""
"1","VANTAGESCORE 4.0                                              "
"1",""
"1",":"
"1"," int  "
"1",""
"1","9999 9999 9999 9999 9999 9999 9999 9999 9999 9999"
"1",""
"1"," ..."
"1",""
"1","
"
"1"," "
"1",""
"1","- attr(*, "".internal.selfref"")="
"1","<externalptr> "
"1",""
"1",""
"1",""
"1","
"
"1"," "
"1",""
"1","- attr(*, ""sorted"")="
"1"," chr "
"1",""
"1","""LOAN IDENTIFIER"""
"1",""
"1","
"
